heat_num,product_code,alloy_code,temper_code
H100000,aw9uo,1050,O
H100001,r007w,1050,O
H100002,cd8a0,1050,O
H100003,muzca,1050,O
H100004,ak80n,1050,O
H100005,d26hx,1050,O
H100006,9q6hk,1050,O
H100007,ci5h7,1050,O
H100008,d311s,1050,O
H100009,84gz0,1050,O
H100010,ujzey,1050,O
H100011,aqubk,1050,O
H100012,njlc9,1050,O
H100013,a802n,1050,O
H100014,84t6y,1050,O
H100015,as13d,1050,O
H100016,b38dj,1050,O
H100017,6w02a,1050,O
H100018,liy45,1050,O
H100019,ca6ai,1050,O
H100020,d3pho,1050,O
H100021,cqarv,1050,O
H100022,s6lwx,1050,O
H100023,ub5oe,1050,O
H100024,8qd7f,1050,O
H100025,p22rc,1050,O
H100026,mk4a2,1050,O
H100027,ltaug,1050,O
H100028,a4zy7,1050,O
H100029,scpvx,1050,O
H100030,aqubk,1050,O
H100031,9rd9d,1050,O
H100032,qvf8n,1050,O
H100033,8fo96,1050,O
H100034,7lmq3,1050,O
H100035,9rd9d,1050,O
H100036,lsmek,1050,O
H100037,mk4a2,1050,O
H100038,mn05l,1050,O
H100039,8qd7f,1050,O
H100040,84t6y,1050,O
H100041,pje0i,1050,O
H100042,d5qtc,1050,O
H100043,scpvx,1050,O
H100044,9ftr9,1050,O
H100045,8fo96,1050,O
H100046,lsmek,1050,O
H100047,cd8a0,1050,O
H100048,aw9uo,1050,O
H100049,mk4a2,1050,O
H100050,lwixx,1050,O
H100051,s7mkr,1050,O
H100052,cme8i,1050,O
H100053,ctv3a,1050,O
H100054,cfrxl,1050,O
H100055,r9uma,1050,O
H100056,pnyzr,1050,O
H100057,nmh7s,1050,O
H100058,66jig,1050,O
H100059,tjtwv,1050,O
H100060,m2z4v,1050,O
H100061,66jig,1050,O
H100062,84gz0,1050,O
H100063,8fo96,1050,O
H100064,oskkw,1050,O
H100065,m2z4v,1050,O
H100066,bsoxd,1050,O
H100067,pl348,1050,O
H100068,oskkw,1050,O
H100069,r007w,1050,O
H100070,scpvx,1050,O
H100071,cme8i,1050,O
H100072,6w02a,1050,O
H100073,p22rc,1050,O
H100074,8q0zh,1050,O
H100075,lsa6m,1050,O
H100076,tgy1c,1050,O
H100077,p22rc,1050,O
H100078,ctv3a,1050,O
H100079,nmh7s,1050,O
H100080,8fo96,1050,O
H100081,5gkmp,1050,O
H100082,njlc9,1050,O
H100083,ci5h7,1050,O
H100084,asjfa,1050,O
H100085,tjtwv,1050,O
H100086,lsa6m,1050,O
H100087,ca6ai,1050,O
H100088,ltaug,1050,O
H100089,chaxc,1050,O
H100090,b38dj,1050,O
H100091,lsa6m,1050,O
H100092,ujzey,1050,O
H100093,66jig,1050,O
H100094,bsoxd,1050,O
H100095,rnfg2,1050,O
H100096,lsmek,1050,O
H100097,tjtwv,1050,O
H100098,zuf7s,1050,O
H100099,c7sqw,1050,O
H100100,84t6y,1050,O
H100101,ci5h7,1050,O
H100102,ca6ai,1050,O
H100103,amxs7,1050,O
H100104,ccju4,1050,O
H100105,scpvx,1050,O
H100106,zuf7s,1050,O
H100107,6kag7,1050,O
H100108,ci5h7,1050,O
H100109,chaxc,1050,O
H100110,d5qtc,1050,O
H100111,d5qtc,1050,O
H100112,scpvx,1050,O
H100113,6w02a,1050,O
H100114,aqubk,1050,O
H100115,tgy1c,1050,O
H100116,pje0i,1050,O
H100117,ci5h7,1050,O
H100118,pl348,1050,O
H100119,84gz0,1050,O
H100120,m2z4v,1050,O
H100121,51z53,1050,O
H100122,79es3,1050,O
H100123,8q0zh,1050,O
H100124,muzca,1050,O
H100125,pnyzr,1050,O
H100126,rnfg2,1050,O
H100127,84t6y,1050,O
H100128,s6lwx,1050,O
H100129,znswv,1050,O
H100130,lwixx,1050,O
H100131,0v31s,1050,O
H100132,pl348,1050,O
H100133,cp402,1050,O
H100134,ltaug,1050,O
H100135,84gz0,1050,O
H100136,asjfa,1050,O
H100137,5gkmp,1050,O
H100138,b38dj,1050,O
H100139,0v31s,1050,O
H100140,cbj6a,1050,O
H100141,a2wrh,1050,O
H100142,84gz0,1050,O
H100143,ltaug,1050,O
H100144,8q0zh,1050,O
H100145,cfrxl,1050,O
H100146,9rjdc,1050,O
H100147,qt1p1,1050,O
H100148,a802n,1050,O
H100149,p3rv2,1050,O
H100150,cbj6a,1050,O
H100151,9ftr9,1050,O
H100152,p22rc,1050,O
H100153,36xk2,1050,O
H100154,8q0zh,1050,O
H100155,pnyzr,1050,O
H100156,8fo96,1050,O
H100157,c8nar,1050,O
H100158,lsmek,1050,O
H100159,bsoxd,1050,O
H100160,ctv3a,1050,O
H100161,oskkw,1050,O
H100162,s6lwx,1050,O
H100163,cl1cq,1050,O
H100164,ujzey,1050,O
H100165,aw9uo,1050,O
H100166,933hc,1050,O
H100167,tgy1c,1050,O
H100168,q2wpb,1050,O
H100169,9rjdc,1050,O
H100170,pzolu,1050,O
H100171,8qd7f,1050,O
H100172,bsoxd,1050,O
H100173,9pi1o,1050,O
H100174,66jig,1050,O
H100175,quwwq,1050,O
H100176,d26hx,1050,O
H100177,1s0ge,1050,O
H100178,quwwq,1050,O
H100179,9ftr9,1050,O
H100180,ujzey,1050,O
H100181,9rd9d,1050,O
H100182,bo3y4,1050,O
H100183,tgy1c,1050,O
H100184,p22rc,1050,O
H100185,s7mkr,1050,O
H100186,znswv,1050,O
H100187,b38dj,1050,O
H100188,cqarv,1050,O
H100189,cupn5,1050,O
H100190,njlc9,1050,O
H100191,oskkw,1050,O
H100192,d311s,1050,O
H100193,pzolu,1050,O
H100194,scpvx,1050,O
H100195,cfrxl,1050,O
H100196,9rjdc,1050,O
H100197,tgy1c,1050,O
H100198,9a207,1050,O
H100199,znswv,1050,O
H100200,b38dj,1050,O
H100201,9q6hk,1050,O
H100202,1s0ge,1050,O
H100203,mfpes,1050,O
H100204,scpvx,1050,O
H100205,cdedz,1050,O
H100206,ltaug,1050,O
H100207,a802n,1050,O
H100208,a2wrh,1050,O
H100209,qxagc,1050,O
H100210,r007w,1050,O
H100211,r9uma,1050,O
H100212,ak80n,1050,O
H100213,njlc9,1050,O
H100214,8qd7f,1050,O
H100215,9pi1o,1050,O
H100216,9pi1o,1050,O
H100217,a2wrh,1050,O
H100218,cqarv,1050,O
H100219,cqarv,1050,O
H100220,a4zy7,1050,O
H100221,0v31s,1050,O
H100222,51z53,1050,O
H100223,cp402,1050,O
H100224,aw9uo,1050,O
H100225,9q6hk,1050,O
H100226,19oje,1050,O
H100227,bsoxd,1050,O
H100228,cbj6a,1050,O
H100229,chaxc,1050,O
H100230,d311s,1050,O
H100231,bo3y4,1050,O
H100232,cbj6a,1050,O
H100233,r9uma,1050,O
H100234,d26hx,1050,O
H100235,7lmq3,1050,O
H100236,lsa6m,1050,O
H100237,oskkw,1050,O
H100238,d311s,1050,O
H100239,ctv3a,1050,O
H100240,colo5,1050,O
H100241,r9uma,1050,O
H100242,ujzey,1050,O
H100243,ccju4,1050,O
H100244,as13d,1050,O
H100245,colo5,1050,O
H100246,ak80n,1050,O
H100247,cqarv,1050,O
H100248,amxs7,1050,O
H100249,84gz0,1050,O
H100250,c7sqw,1050,O
H100251,aw9uo,1050,O
H100252,pje0i,1050,O
H100253,m8wzw,1050,O
H100254,mn05l,1050,O
H100255,79es3,1050,O
H100256,a802n,1050,O
H100257,a802n,1050,O
H100258,66jig,1050,O
H100259,c8nar,1050,O
H100260,zuf7s,1050,O
H100261,muzca,1050,O
H100262,m1g54,1050,O
H100263,quwwq,1050,O
H100264,8qpfd,1050,O
H100265,cl1cq,1050,O
H100266,0v31s,1050,O
H100267,d26hx,1050,O
H100268,cupn5,1050,O
H100269,79es3,1050,O
H100270,as13d,1050,O
H100271,q2wpb,1050,O
H100272,rnfg2,1050,O
H100273,liy45,1050,O
H100274,9q6hk,1050,O
H100275,cl1cq,1050,O
H100276,aw9uo,1050,O
H100277,6w02a,1050,O
H100278,7z1fw,1050,O
H100279,5gkmp,1050,O
H100280,9pi1o,1050,O
H100281,zuf7s,1050,O
H100282,aqubk,1050,O
H100283,a2wrh,1050,O
H100284,ujzey,1050,O
H100285,19oje,1050,O
H100286,8q0zh,1050,O
H100287,znswv,1050,O
H100288,933hc,1050,O
H100289,ak80n,1050,O
H100290,qt1p1,1050,O
H100291,tgy1c,1050,O
H100292,7z1fw,1050,O
H100293,933hc,1050,O
H100294,ctv3a,1050,O
H100295,mk4a2,1050,O
H100296,9ftr9,1050,O
H100297,bo3y4,1050,O
H100298,d26hx,1050,O
H100299,nmh7s,1050,O
H100300,colo5,1050,O
H100301,bo3y4,1050,O
H100302,cp402,1050,O
H100303,bo3y4,1050,O
H100304,ak80n,1050,O
H100305,66jig,1050,O
H100306,p22rc,1050,O
H100307,b38dj,1050,O
H100308,muzca,1050,O
H100309,c8nar,1050,O
H100310,b38dj,1050,O
H100311,zuf7s,1050,O
H100312,p22rc,1050,O
H100313,tjtwv,1050,O
H100314,p8p29,1050,O
H100315,q2wpb,1050,O
H100316,9rd9d,1050,O
H100317,ccju4,1050,O
H100318,chaxc,1050,O
H100319,8qd7f,1050,O
H100320,pzolu,1050,O
H100321,8q0zh,1050,O
H100322,s7mkr,1050,O
H100323,mfpes,1050,O
H100324,0v31s,1050,O
H100325,ci5h7,1050,O
H100326,pl348,1050,O
H100327,51z53,1050,O
H100328,1s0ge,1050,O
H100329,oskkw,1050,O
H100330,8fo96,1050,O
H100331,bo3y4,1050,O
H100332,c8nar,1050,O
H100333,1s0ge,1050,O
H100334,p22rc,1050,O
H100335,aw9uo,1050,O
H100336,pnyzr,1050,O
H100337,aw9uo,1050,O
H100338,zuf7s,1050,O
H100339,7z1fw,1050,O
H100340,aqubk,1050,O
H100341,ccju4,1050,O
H100342,m2z4v,1050,O
H100343,c5xj7,1050,O
H100344,c8nar,1050,O
H100345,aqubk,1050,O
H100346,muzca,1050,O
H100347,9a207,1050,O
H100348,pl348,1050,O
H100349,cd8a0,1050,O
H100350,51z53,1050,O
H100351,cdedz,1050,O
H100352,6kag7,1050,O
H100353,m8wzw,1050,O
H100354,r9uma,1050,O
H100355,9ftr9,1050,O
H100356,quwwq,1050,O
H100357,pl348,1050,O
H100358,cd8a0,1050,O
H100359,lwixx,1050,O
H100360,c5xj7,1050,O
H100361,79es3,1050,O
H100362,8q0zh,1050,O
H100363,oskkw,1050,O
H100364,p3rv2,1050,O
H100365,mk4a2,1050,O
H100366,a2wrh,1050,O
H100367,qxagc,1050,O
H100368,7z1fw,1050,O
H100369,m8wzw,1050,O
H100370,r007w,1050,O
H100371,lwixx,1050,O
H100372,ujzey,1050,O
H100373,m8wzw,1050,O
H100374,ltaug,1050,O
H100375,6kag7,1050,O
H100376,9rjdc,1050,O
H100377,ci5h7,1050,O
H100378,oskkw,1050,O
H100379,tgy1c,1050,O
H100380,7w5kd,1050,O
H100381,cdedz,1050,O
H100382,8qd7f,1050,O
H100383,66jig,1050,O
H100384,9ftr9,1050,O
H100385,scpvx,1050,O
H100386,p3rv2,1050,O
H100387,q2wpb,1050,O
H100388,8q0zh,1050,O
H100389,cfrxl,1050,O
H100390,5gkmp,1050,O
H100391,lsa6m,1050,O
H100392,9rd9d,1050,O
H100393,lsa6m,1050,O
H100394,r007w,1050,O
H100395,p3rv2,1050,O
H100396,p3rv2,1050,O
H100397,8qd7f,1050,O
H100398,lsmek,1050,O
H100399,a4zy7,1050,O
H100400,cl1cq,1050,O
H100401,qvf8n,1050,O
H100402,a802n,1050,O
H100403,cqarv,1050,O
H100404,cdedz,1050,O
H100405,asjfa,1050,O
H100406,as13d,1050,O
H100407,7w5kd,1050,O
H100408,cqarv,1050,O
H100409,rnfg2,1050,O
H100410,6w02a,1050,O
H100411,8qpfd,1050,O
H100412,colo5,1050,O
H100413,oskkw,1050,O
H100414,as13d,1050,O
H100415,zuf7s,1050,O
H100416,aqubk,1050,O
H100417,qt1p1,1050,O
H100418,36xk2,1050,O
H100419,mfpes,1050,O
H100420,9a207,1050,O
H100421,qxagc,1050,O
H100422,ak80n,1050,O
H100423,s7mkr,1050,O
H100424,ub5oe,1050,O
H100425,6w02a,1050,O
H100426,c7sqw,1050,O
H100427,d26hx,1050,O
H100428,84gz0,1050,O
H100429,oskkw,1050,O
H100430,d311s,1050,O
H100431,9a207,1050,O
H100432,cbj6a,1050,O
H100433,pl348,1050,O
H100434,d5qtc,1050,O
H100435,ci5h7,1050,O
H100436,aqubk,1050,O
H100437,r007w,1050,O
H100438,m8wzw,1050,O
H100439,cd8a0,1050,O
H100440,r9uma,1050,O
H100441,ujzey,1050,O
H100442,r007w,1050,O
H100443,mchbb,1050,O
H100444,6w02a,1050,O
H100445,chaxc,1050,O
H100446,mfpes,1050,O
H100447,mfpes,1050,O
H100448,cfrxl,1050,O
H100449,a4zy7,1050,O
H100450,mn05l,1050,O
H100451,a4zy7,1050,O
H100452,pl348,1050,O
H100453,s6lwx,1050,O
H100454,7lmq3,1050,O
H100455,cbj6a,1050,O
H100456,r007w,1050,O
H100457,9rjdc,1050,O
H100458,9rd9d,1050,O
H100459,bo3y4,1050,O
H100460,ca6ai,1050,O
H100461,chaxc,1050,O
H100462,9rjdc,1050,O
H100463,m8wzw,1050,O
H100464,aqubk,1050,O
H100465,9rd9d,1050,O
H100466,pnyzr,1050,O
H100467,cupn5,1050,O
H100468,6w02a,1050,O
H100469,cd8a0,1050,O
H100470,5gkmp,1050,O
H100471,ak80n,1050,O
H100472,r007w,1050,O
H100473,ub5oe,1050,O
H100474,lwixx,1050,O
H100475,9rd9d,1050,O
H100476,s6lwx,1050,O
H100477,9a207,1050,O
H100478,lwixx,1050,O
H100479,njlc9,1050,O
H100480,a2wrh,1050,O
H100481,6kag7,1050,O
H100482,aqubk,1050,O
H100483,ci5h7,1050,O
H100484,ujzey,1050,O
H100485,ccju4,1050,O
H100486,9ftr9,1050,O
H100487,oskkw,1050,O
H100488,933hc,1050,O
H100489,cupn5,1050,O
H100490,njlc9,1050,O
H100491,36xk2,1050,O
H100492,66jig,1050,O
H100493,lsmek,1050,O
H100494,as13d,1050,O
H100495,1s0ge,1050,O
H100496,tgy1c,1050,O
H100497,c5xj7,1050,O
H100498,p3rv2,1050,O
H100499,ltaug,1050,O
H100500,cqarv,1050,O
H100501,cbj6a,1050,O
H100502,m1g54,1050,O
H100503,d26hx,1050,O
H100504,rnfg2,1050,O
H100505,qxagc,1050,O
H100506,r9uma,1050,O
H100507,q2wpb,1050,O
H100508,s6lwx,1050,O
H100509,r007w,1050,O
H100510,9rd9d,1050,O
H100511,ak80n,1050,O
H100512,7z1fw,1050,O
H100513,5gkmp,1050,O
H100514,9rjdc,1050,O
H100515,qt1p1,1050,O
H100516,7z1fw,1050,O
H100517,m2z4v,1050,O
H100518,7z1fw,1050,O
H100519,933hc,1050,O
H100520,mfpes,1050,O
H100521,mfpes,1050,O
H100522,njlc9,1050,O
H100523,cl1cq,1050,O
H100524,c5xj7,1050,O
H100525,cqarv,1050,O
H100526,ujzey,1050,O
H100527,9pi1o,1050,O
H100528,c8nar,1050,O
H100529,rnfg2,1050,O
H100530,ub5oe,1050,O
H100531,ltaug,1050,O
H100532,7w5kd,1050,O
H100533,tgy1c,1050,O
H100534,d311s,1050,O
H100535,c8nar,1050,O
H100536,6w02a,1050,O
H100537,lsmek,1050,O
H100538,ltaug,1050,O
H100539,9a207,1050,O
H100540,amxs7,1050,O
H100541,p3rv2,1050,O
H100542,pzolu,1050,O
H100543,p3rv2,1050,O
H100544,ltaug,1050,O
H100545,quwwq,1050,O
H100546,8fo96,1050,O
H100547,chaxc,1050,O
H100548,as13d,1050,O
H100549,79es3,1050,O
H100550,m2z4v,1050,O
H100551,liy45,1050,O
H100552,cupn5,1050,O
H100553,lsa6m,1050,O
H100554,lsa6m,1050,O
H100555,r007w,1050,O
H100556,cqarv,1050,O
H100557,84gz0,1050,O
H100558,cp402,1050,O
H100559,cbj6a,1050,O
H100560,pl348,1050,O
H100561,m1g54,1050,O
H100562,8q0zh,1050,O
H100563,d26hx,1050,O
H100564,cdedz,1050,O
H100565,ctv3a,1050,O
H100566,1s0ge,1050,O
H100567,a802n,1050,O
H100568,mk4a2,1050,O
H100569,m2z4v,1050,O
H100570,a4zy7,1050,O
H100571,cme8i,1050,O
H100572,cqarv,1050,O
H100573,cupn5,1050,O
H100574,36xk2,1050,O
H100575,5gkmp,1050,O
H100576,c7sqw,1050,O
H100577,aw9uo,1050,O
H100578,b38dj,1050,O
H100579,tgy1c,1050,O
H100580,m2z4v,1050,O
H100581,tjtwv,1050,O
H100582,mfpes,1050,O
H100583,7w5kd,1050,O
H100584,6kag7,1050,O
H100585,9a207,1050,O
H100586,8qd7f,1050,O
H100587,cp402,1050,O
H100588,cfrxl,1050,O
H100589,lsmek,1050,O
H100590,q2wpb,1050,O
H100591,q2wpb,1050,O
H100592,9q6hk,1050,O
H100593,9a207,1050,O
H100594,pzolu,1050,O
H100595,9rd9d,1050,O
H100596,znswv,1050,O
H100597,p3rv2,1050,O
H100598,scpvx,1050,O
H100599,1s0ge,1050,O
H100600,rnfg2,1100,O
H100601,a802n,1100,O
H100602,7lmq3,1100,O
H100603,cbj6a,1100,O
H100604,0v31s,1100,O
H100605,0v31s,1100,O
H100606,bo3y4,1100,O
H100607,pje0i,1100,O
H100608,cfrxl,1100,O
H100609,muzca,1100,O
H100610,7z1fw,1100,O
H100611,79es3,1100,O
H100612,njlc9,1100,O
H100613,tgy1c,1100,O
H100614,scpvx,1100,O
H100615,36xk2,1100,O
H100616,8qd7f,1100,O
H100617,8qpfd,1100,O
H100618,p22rc,1100,O
H100619,cdedz,1100,O
H100620,7w5kd,1100,O
H100621,aw9uo,1100,O
H100622,cupn5,1100,O
H100623,mn05l,1100,O
H100624,lsa6m,1100,O
H100625,liy45,1100,O
H100626,r007w,1100,O
H100627,ak80n,1100,O
H100628,tjtwv,1100,O
H100629,aw9uo,1100,O
H100630,ctv3a,1100,O
H100631,amxs7,1100,O
H100632,m2z4v,1100,O
H100633,rnfg2,1100,O
H100634,9pi1o,1100,O
H100635,84t6y,1100,O
H100636,as13d,1100,O
H100637,colo5,1100,O
H100638,mfpes,1100,O
H100639,cupn5,1100,O
H100640,m8wzw,1100,O
H100641,liy45,1100,O
H100642,cp402,1100,O
H100643,19oje,1100,O
H100644,79es3,1100,O
H100645,muzca,1100,O
H100646,6kag7,1100,O
H100647,q2wpb,1100,O
H100648,tjtwv,1100,O
H100649,oskkw,1100,O
H100650,79es3,1100,O
H100651,quwwq,1100,O
H100652,cd8a0,1100,O
H100653,9pi1o,1100,O
H100654,m8wzw,1100,O
H100655,rnfg2,1100,O
H100656,cqarv,1100,O
H100657,d26hx,1100,O
H100658,pje0i,1100,O
H100659,d311s,1100,O
H100660,933hc,1100,O
H100661,84t6y,1100,O
H100662,8fo96,1100,O
H100663,q2wpb,1100,O
H100664,8qpfd,1100,O
H100665,c8nar,1100,O
H100666,a4zy7,1100,O
H100667,7z1fw,1100,O
H100668,d311s,1100,O
H100669,c8nar,1100,O
H100670,pnyzr,1100,O
H100671,19oje,1100,O
H100672,9pi1o,1100,O
H100673,9ftr9,1100,O
H100674,66jig,1100,O
H100675,tjtwv,1100,O
H100676,a4zy7,1100,O
H100677,m2z4v,1100,O
H100678,p3rv2,1100,O
H100679,79es3,1100,O
H100680,c7sqw,1100,O
H100681,36xk2,1100,O
H100682,ccju4,1100,O
H100683,d5qtc,1100,O
H100684,cdedz,1100,O
H100685,m8wzw,1100,O
H100686,s7mkr,1100,O
H100687,m1g54,1100,O
H100688,m1g54,1100,O
H100689,8qpfd,1100,O
H100690,zuf7s,1100,O
H100691,1s0ge,1100,O
H100692,pje0i,1100,O
H100693,ujzey,1100,O
H100694,chaxc,1100,O
H100695,c8nar,1100,O
H100696,a4zy7,1100,O
H100697,9rjdc,1100,O
H100698,ctv3a,1100,O
H100699,ltaug,1100,O
H100700,s6lwx,1100,O
H100701,a802n,1100,O
H100702,tjtwv,1100,O
H100703,7lmq3,1100,O
H100704,ujzey,1100,O
H100705,nmh7s,1100,O
H100706,ccju4,1100,O
H100707,9rjdc,1100,O
H100708,6w02a,1100,O
H100709,aw9uo,1100,O
H100710,cl1cq,1100,O
H100711,q2wpb,1100,O
H100712,0v31s,1100,O
H100713,znswv,1100,O
H100714,ak80n,1100,O
H100715,scpvx,1100,O
H100716,zuf7s,1100,O
H100717,9q6hk,1100,O
H100718,mfpes,1100,O
H100719,ca6ai,1100,O
H100720,m8wzw,1100,O
H100721,cme8i,1100,O
H100722,933hc,1100,O
H100723,aw9uo,1100,O
H100724,d3pho,1100,O
H100725,aw9uo,1100,O
H100726,84gz0,1100,O
H100727,qt1p1,1100,O
H100728,9ftr9,1100,O
H100729,mchbb,1100,O
H100730,s7mkr,1100,O
H100731,tjtwv,1100,O
H100732,b38dj,1100,O
H100733,chaxc,1100,O
H100734,qxagc,1100,O
H100735,cd8a0,1100,O
H100736,mchbb,1100,O
H100737,933hc,1100,O
H100738,cd8a0,1100,O
H100739,nmh7s,1100,O
H100740,amxs7,1100,O
H100741,pl348,1100,O
H100742,rnfg2,1100,O
H100743,a2wrh,1100,O
H100744,d3pho,1100,O
H100745,s6lwx,1100,O
H100746,36xk2,1100,O
H100747,51z53,1100,O
H100748,9a207,1100,O
H100749,cfrxl,1100,O
H100750,cme8i,1100,O
H100751,ltaug,1100,O
H100752,19oje,1100,O
H100753,njlc9,1100,O
H100754,a2wrh,1100,O
H100755,ujzey,1100,O
H100756,cp402,1100,O
H100757,pl348,1100,O
H100758,aw9uo,1100,O
H100759,r9uma,1100,O
H100760,asjfa,1100,O
H100761,6kag7,1100,O
H100762,tjtwv,1100,O
H100763,asjfa,1100,O
H100764,9rjdc,1100,O
H100765,bo3y4,1100,O
H100766,tgy1c,1100,O
H100767,d26hx,1100,O
H100768,ub5oe,1100,O
H100769,7z1fw,1100,O
H100770,1s0ge,1100,O
H100771,lsa6m,1100,O
H100772,8q0zh,1100,O
H100773,aqubk,1100,O
H100774,q2wpb,1100,O
H100775,rnfg2,1100,O
H100776,cbj6a,1100,O
H100777,nmh7s,1100,O
H100778,5gkmp,1100,O
H100779,pje0i,1100,O
H100780,mk4a2,1100,O
H100781,5gkmp,1100,O
H100782,9q6hk,1100,O
H100783,tgy1c,1100,O
H100784,s6lwx,1100,O
H100785,d311s,1100,O
H100786,cme8i,1100,O
H100787,ak80n,1100,O
H100788,ltaug,1100,O
H100789,s6lwx,1100,O
H100790,amxs7,1100,O
H100791,84t6y,1100,O
H100792,8fo96,1100,O
H100793,84gz0,1100,O
H100794,8qd7f,1100,O
H100795,cl1cq,1100,O
H100796,d3pho,1100,O
H100797,colo5,1100,O
H100798,8qd7f,1100,O
H100799,8q0zh,1100,O
H100800,0v31s,1100,O
H100801,as13d,1100,O
H100802,mn05l,1100,O
H100803,51z53,1100,O
H100804,cbj6a,1100,O
H100805,cp402,1100,O
H100806,36xk2,1100,O
H100807,mn05l,1100,O
H100808,m8wzw,1100,O
H100809,pzolu,1100,O
H100810,r007w,1100,O
H100811,84t6y,1100,O
H100812,nmh7s,1100,O
H100813,933hc,1100,O
H100814,asjfa,1100,O
H100815,bo3y4,1100,O
H100816,qxagc,1100,O
H100817,cp402,1100,O
H100818,9a207,1100,O
H100819,ak80n,1100,O
H100820,r9uma,1100,O
H100821,scpvx,1100,O
H100822,8qpfd,1100,O
H100823,aqubk,1100,O
H100824,ctv3a,1100,O
H100825,liy45,1100,O
H100826,36xk2,1100,O
H100827,lwixx,1100,O
H100828,scpvx,1100,O
H100829,q2wpb,1100,O
H100830,7lmq3,1100,O
H100831,7w5kd,1100,O
H100832,ca6ai,1100,O
H100833,chaxc,1100,O
H100834,as13d,1100,O
H100835,p3rv2,1100,O
H100836,muzca,1100,O
H100837,8qpfd,1100,O
H100838,19oje,1100,O
H100839,d26hx,1100,O
H100840,lsmek,1100,O
H100841,a2wrh,1100,O
H100842,colo5,1100,O
H100843,9rd9d,1100,O
H100844,cfrxl,1100,O
H100845,ca6ai,1100,O
H100846,pzolu,1100,O
H100847,36xk2,1100,O
H100848,7w5kd,1100,O
H100849,aw9uo,1100,O
H100850,chaxc,1100,O
H100851,oskkw,1100,O
H100852,cfrxl,1100,O
H100853,cfrxl,1100,O
H100854,cdedz,1100,O
H100855,9ftr9,1100,O
H100856,1s0ge,1100,O
H100857,d3pho,1100,O
H100858,cupn5,1100,O
H100859,oskkw,1100,O
H100860,933hc,1100,O
H100861,cl1cq,1100,O
H100862,q2wpb,1100,O
H100863,znswv,1100,O
H100864,6w02a,1100,O
H100865,njlc9,1100,O
H100866,d26hx,1100,O
H100867,s6lwx,1100,O
H100868,9rjdc,1100,O
H100869,c8nar,1100,O
H100870,84gz0,1100,O
H100871,nmh7s,1100,O
H100872,a4zy7,1100,O
H100873,cp402,1100,O
H100874,d5qtc,1100,O
H100875,cupn5,1100,O
H100876,lwixx,1100,O
H100877,r007w,1100,O
H100878,as13d,1100,O
H100879,as13d,1100,O
H100880,933hc,1100,O
H100881,8qd7f,1100,O
H100882,q2wpb,1100,O
H100883,d311s,1100,O
H100884,84gz0,1100,O
H100885,d3pho,1100,O
H100886,cp402,1100,O
H100887,8qd7f,1100,O
H100888,cd8a0,1100,O
H100889,d5qtc,1100,O
H100890,8q0zh,1100,O
H100891,nmh7s,1100,O
H100892,cfrxl,1100,O
H100893,ca6ai,1100,O
H100894,asjfa,1100,O
H100895,6w02a,1100,O
H100896,oskkw,1100,O
H100897,d3pho,1100,O
H100898,ak80n,1100,O
H100899,mk4a2,1100,O
H100900,cme8i,1100,O
H100901,5gkmp,1100,O
H100902,s6lwx,1100,O
H100903,9ftr9,1100,O
H100904,1s0ge,1100,O
H100905,lsmek,1100,O
H100906,6kag7,1100,O
H100907,lsmek,1100,O
H100908,0v31s,1100,O
H100909,51z53,1100,O
H100910,p3rv2,1100,O
H100911,q2wpb,1100,O
H100912,ub5oe,1100,O
H100913,a4zy7,1100,O
H100914,b38dj,1100,O
H100915,9ftr9,1100,O
H100916,ccju4,1100,O
H100917,p8p29,1100,O
H100918,a2wrh,1100,O
H100919,chaxc,1100,O
H100920,quwwq,1100,O
H100921,s6lwx,1100,O
H100922,colo5,1100,O
H100923,cl1cq,1100,O
H100924,as13d,1100,O
H100925,9pi1o,1100,O
H100926,ujzey,1100,O
H100927,9ftr9,1100,O
H100928,79es3,1100,O
H100929,a2wrh,1100,O
H100930,b38dj,1100,O
H100931,muzca,1100,O
H100932,mn05l,1100,O
H100933,8qpfd,1100,O
H100934,1s0ge,1100,O
H100935,m8wzw,1100,O
H100936,84gz0,1100,O
H100937,8qd7f,1100,O
H100938,cdedz,1100,O
H100939,tgy1c,1100,O
H100940,ctv3a,1100,O
H100941,scpvx,1100,O
H100942,ca6ai,1100,O
H100943,9rd9d,1100,O
H100944,q2wpb,1100,O
H100945,mchbb,1100,O
H100946,9rd9d,1100,O
H100947,cupn5,1100,O
H100948,8fo96,1100,O
H100949,njlc9,1100,O
H100950,7z1fw,1100,O
H100951,a4zy7,1100,O
H100952,pzolu,1100,O
H100953,quwwq,1100,O
H100954,ujzey,1100,O
H100955,lsmek,1100,O
H100956,ci5h7,1100,O
H100957,cme8i,1100,O
H100958,muzca,1100,O
H100959,ltaug,1100,O
H100960,6w02a,1100,O
H100961,933hc,1100,O
H100962,d311s,1100,O
H100963,5gkmp,1100,O
H100964,p22rc,1100,O
H100965,oskkw,1100,O
H100966,muzca,1100,O
H100967,cqarv,1100,O
H100968,p3rv2,1100,O
H100969,nmh7s,1100,O
H100970,8qd7f,1100,O
H100971,7z1fw,1100,O
H100972,7lmq3,1100,O
H100973,ccju4,1100,O
H100974,qvf8n,1100,O
H100975,aw9uo,1100,O
H100976,nmh7s,1100,O
H100977,5gkmp,1100,O
H100978,0v31s,1100,O
H100979,cfrxl,1100,O
H100980,colo5,1100,O
H100981,p22rc,1100,O
H100982,nmh7s,1100,O
H100983,9rd9d,1100,O
H100984,c5xj7,1100,O
H100985,r007w,1100,O
H100986,znswv,1100,O
H100987,mk4a2,1100,O
H100988,pnyzr,1100,O
H100989,a2wrh,1100,O
H100990,p22rc,1100,O
H100991,7w5kd,1100,O
H100992,znswv,1100,O
H100993,8fo96,1100,O
H100994,ujzey,1100,O
H100995,quwwq,1100,O
H100996,s6lwx,1100,O
H100997,9ftr9,1100,O
H100998,q2wpb,1100,O
H100999,cp402,1100,O
H101000,tgy1c,1100,O
H101001,36xk2,1100,O
H101002,quwwq,1100,O
H101003,chaxc,1100,O
H101004,a2wrh,1100,O
H101005,oskkw,1100,O
H101006,quwwq,1100,O
H101007,36xk2,1100,O
H101008,8qd7f,1100,O
H101009,b38dj,1100,O
H101010,lsmek,1100,O
H101011,6kag7,1100,O
H101012,ltaug,1100,O
H101013,cd8a0,1100,O
H101014,c8nar,1100,O
H101015,5gkmp,1100,O
H101016,chaxc,1100,O
H101017,r9uma,1100,O
H101018,zuf7s,1100,O
H101019,znswv,1100,O
H101020,m2z4v,1100,O
H101021,m1g54,1100,O
H101022,tjtwv,1100,O
H101023,ujzey,1100,O
H101024,ctv3a,1100,O
H101025,tgy1c,1100,O
H101026,d26hx,1100,O
H101027,cp402,1100,O
H101028,qt1p1,1100,O
H101029,cd8a0,1100,O
H101030,84gz0,1100,O
H101031,b38dj,1100,O
H101032,7w5kd,1100,O
H101033,cupn5,1100,O
H101034,9a207,1100,O
H101035,cp402,1100,O
H101036,s6lwx,1100,O
H101037,mk4a2,1100,O
H101038,cp402,1100,O
H101039,5gkmp,1100,O
H101040,6w02a,1100,O
H101041,d26hx,1100,O
H101042,a802n,1100,O
H101043,8qpfd,1100,O
H101044,79es3,1100,O
H101045,p22rc,1100,O
H101046,nmh7s,1100,O
H101047,p22rc,1100,O
H101048,bo3y4,1100,O
H101049,ub5oe,1100,O
H101050,mfpes,1100,O
H101051,cdedz,1100,O
H101052,muzca,1100,O
H101053,ca6ai,1100,O
H101054,m2z4v,1100,O
H101055,cbj6a,1100,O
H101056,bsoxd,1100,O
H101057,s6lwx,1100,O
H101058,cd8a0,1100,O
H101059,9ftr9,1100,O
H101060,933hc,1100,O
H101061,9rd9d,1100,O
H101062,a802n,1100,O
H101063,84gz0,1100,O
H101064,8q0zh,1100,O
H101065,9q6hk,1100,O
H101066,amxs7,1100,O
H101067,ci5h7,1100,O
H101068,5gkmp,1100,O
H101069,933hc,1100,O
H101070,9rjdc,1100,O
H101071,zuf7s,1100,O
H101072,as13d,1100,O
H101073,pnyzr,1100,O
H101074,ltaug,1100,O
H101075,1s0ge,1100,O
H101076,d3pho,1100,O
H101077,as13d,1100,O
H101078,9rjdc,1100,O
H101079,36xk2,1100,O
H101080,amxs7,1100,O
H101081,b38dj,1100,O
H101082,933hc,1100,O
H101083,p8p29,1100,O
H101084,d5qtc,1100,O
H101085,s6lwx,1100,O
H101086,tjtwv,1100,O
H101087,cme8i,1100,O
H101088,muzca,1100,O
H101089,36xk2,1100,O
H101090,a2wrh,1100,O
H101091,cme8i,1100,O
H101092,9q6hk,1100,O
H101093,qxagc,1100,O
H101094,a2wrh,1100,O
H101095,lsa6m,1100,O
H101096,ak80n,1100,O
H101097,cd8a0,1100,O
H101098,8qd7f,1100,O
H101099,m2z4v,1100,O
H101100,36xk2,1100,O
H101101,84t6y,1100,O
H101102,b38dj,1100,O
H101103,ci5h7,1100,O
H101104,r007w,1100,O
H101105,mk4a2,1100,O
H101106,r9uma,1100,O
H101107,19oje,1100,O
H101108,9ftr9,1100,O
H101109,84t6y,1100,O
H101110,tjtwv,1100,O
H101111,as13d,1100,O
H101112,7z1fw,1100,O
H101113,p22rc,1100,O
H101114,m1g54,1100,O
H101115,tjtwv,1100,O
H101116,mn05l,1100,O
H101117,pl348,1100,O
H101118,d5qtc,1100,O
H101119,asjfa,1100,O
H101120,cl1cq,1100,O
H101121,as13d,1100,O
H101122,aw9uo,1100,O
H101123,6w02a,1100,O
H101124,b38dj,1100,O
H101125,ctv3a,1100,O
H101126,7z1fw,1100,O
H101127,oskkw,1100,O
H101128,m1g54,1100,O
H101129,ci5h7,1100,O
H101130,mchbb,1100,O
H101131,cfrxl,1100,O
H101132,7w5kd,1100,O
H101133,quwwq,1100,O
H101134,s7mkr,1100,O
H101135,qt1p1,1100,O
H101136,cd8a0,1100,O
H101137,d26hx,1100,O
H101138,9pi1o,1100,O
H101139,oskkw,1100,O
H101140,c7sqw,1100,O
H101141,ak80n,1100,O
H101142,8fo96,1100,O
H101143,quwwq,1100,O
H101144,p8p29,1100,O
H101145,aqubk,1100,O
H101146,m2z4v,1100,O
H101147,cfrxl,1100,O
H101148,51z53,1100,O
H101149,njlc9,1100,O
H101150,cfrxl,1100,O
H101151,s7mkr,1100,O
H101152,zuf7s,1100,O
H101153,lsa6m,1100,O
H101154,mchbb,1100,O
H101155,cd8a0,1100,O
H101156,as13d,1100,O
H101157,84gz0,1100,O
H101158,0v31s,1100,O
H101159,mk4a2,1100,O
H101160,8qpfd,1100,O
H101161,8qpfd,1100,O
H101162,r9uma,1100,O
H101163,ltaug,1100,O
H101164,r007w,1100,O
H101165,s7mkr,1100,O
H101166,9q6hk,1100,O
H101167,ltaug,1100,O
H101168,qvf8n,1100,O
H101169,51z53,1100,O
H101170,nmh7s,1100,O
H101171,d26hx,1100,O
H101172,9rd9d,1100,O
H101173,quwwq,1100,O
H101174,7lmq3,1100,O
H101175,cupn5,1100,O
H101176,6kag7,1100,O
H101177,pnyzr,1100,O
H101178,p3rv2,1100,O
H101179,a802n,1100,O
H101180,8fo96,1100,O
H101181,9rd9d,1100,O
H101182,8fo96,1100,O
H101183,qt1p1,1100,O
H101184,p8p29,1100,O
H101185,s6lwx,1100,O
H101186,s7mkr,1100,O
H101187,ak80n,1100,O
H101188,9rd9d,1100,O
H101189,6w02a,1100,O
H101190,5gkmp,1100,O
H101191,mchbb,1100,O
H101192,6kag7,1100,O
H101193,ci5h7,1100,O
H101194,amxs7,1100,O
H101195,amxs7,1100,O
H101196,cdedz,1100,O
H101197,mchbb,1100,O
H101198,9a207,1100,O
H101199,qt1p1,1100,O
H101200,19oje,3105,O
H101201,nmh7s,3105,O
H101202,ca6ai,3105,O
H101203,84t6y,3105,O
H101204,pzolu,3105,O
H101205,ak80n,3105,O
H101206,d311s,3105,O
H101207,mchbb,3105,O
H101208,a4zy7,3105,O
H101209,9ftr9,3105,O
H101210,bo3y4,3105,O
H101211,mfpes,3105,O
H101212,bo3y4,3105,O
H101213,cme8i,3105,O
H101214,qvf8n,3105,O
H101215,m1g54,3105,O
H101216,1s0ge,3105,O
H101217,nmh7s,3105,O
H101218,p3rv2,3105,O
H101219,d3pho,3105,O
H101220,q2wpb,3105,O
H101221,c8nar,3105,O
H101222,cbj6a,3105,O
H101223,8q0zh,3105,O
H101224,0v31s,3105,O
H101225,s6lwx,3105,O
H101226,8fo96,3105,O
H101227,5gkmp,3105,O
H101228,9rjdc,3105,O
H101229,9rd9d,3105,O
H101230,ccju4,3105,O
H101231,ctv3a,3105,O
H101232,a802n,3105,O
H101233,as13d,3105,O
H101234,d5qtc,3105,O
H101235,aw9uo,3105,O
H101236,cdedz,3105,O
H101237,cfrxl,3105,O
H101238,9rjdc,3105,O
H101239,ujzey,3105,O
H101240,p22rc,3105,O
H101241,liy45,3105,O
H101242,tgy1c,3105,O
H101243,pnyzr,3105,O
H101244,ccju4,3105,O
H101245,chaxc,3105,O
H101246,m1g54,3105,O
H101247,tjtwv,3105,O
H101248,mn05l,3105,O
H101249,7w5kd,3105,O
H101250,nmh7s,3105,O
H101251,84t6y,3105,O
H101252,9ftr9,3105,O
H101253,7lmq3,3105,O
H101254,m8wzw,3105,O
H101255,rnfg2,3105,O
H101256,r9uma,3105,O
H101257,mchbb,3105,O
H101258,a4zy7,3105,O
H101259,d311s,3105,O
H101260,7lmq3,3105,O
H101261,6kag7,3105,O
H101262,tgy1c,3105,O
H101263,bsoxd,3105,O
H101264,9q6hk,3105,O
H101265,ujzey,3105,O
H101266,1s0ge,3105,O
H101267,ub5oe,3105,O
H101268,chaxc,3105,O
H101269,d311s,3105,O
H101270,njlc9,3105,O
H101271,qvf8n,3105,O
H101272,cl1cq,3105,O
H101273,asjfa,3105,O
H101274,36xk2,3105,O
H101275,51z53,3105,O
H101276,lsmek,3105,O
H101277,as13d,3105,O
H101278,cupn5,3105,O
H101279,muzca,3105,O
H101280,p3rv2,3105,O
H101281,cme8i,3105,O
H101282,m1g54,3105,O
H101283,mk4a2,3105,O
H101284,mchbb,3105,O
H101285,cme8i,3105,O
H101286,9a207,3105,O
H101287,51z53,3105,O
H101288,d26hx,3105,O
H101289,qxagc,3105,O
H101290,0v31s,3105,O
H101291,5gkmp,3105,O
H101292,19oje,3105,O
H101293,nmh7s,3105,O
H101294,m8wzw,3105,O
H101295,lsmek,3105,O
H101296,d3pho,3105,O
H101297,c5xj7,3105,O
H101298,66jig,3105,O
H101299,ltaug,3105,O
H101300,p8p29,3105,O
H101301,c5xj7,3105,O
H101302,lsa6m,3105,O
H101303,cd8a0,3105,O
H101304,9ftr9,3105,O
H101305,as13d,3105,O
H101306,qxagc,3105,O
H101307,liy45,3105,O
H101308,m1g54,3105,O
H101309,6w02a,3105,O
H101310,c8nar,3105,O
H101311,ub5oe,3105,O
H101312,mk4a2,3105,O
H101313,cfrxl,3105,O
H101314,66jig,3105,O
H101315,qxagc,3105,O
H101316,c8nar,3105,O
H101317,rnfg2,3105,O
H101318,q2wpb,3105,O
H101319,lsmek,3105,O
H101320,zuf7s,3105,O
H101321,cl1cq,3105,O
H101322,c8nar,3105,O
H101323,ujzey,3105,O
H101324,cdedz,3105,O
H101325,ltaug,3105,O
H101326,amxs7,3105,O
H101327,19oje,3105,O
H101328,5gkmp,3105,O
H101329,c5xj7,3105,O
H101330,liy45,3105,O
H101331,ltaug,3105,O
H101332,m2z4v,3105,O
H101333,quwwq,3105,O
H101334,lwixx,3105,O
H101335,m2z4v,3105,O
H101336,p3rv2,3105,O
H101337,cfrxl,3105,O
H101338,amxs7,3105,O
H101339,qvf8n,3105,O
H101340,tgy1c,3105,O
H101341,ub5oe,3105,O
H101342,c7sqw,3105,O
H101343,zuf7s,3105,O
H101344,84t6y,3105,O
H101345,p8p29,3105,O
H101346,m2z4v,3105,O
H101347,qxagc,3105,O
H101348,cd8a0,3105,O
H101349,c5xj7,3105,O
H101350,mn05l,3105,O
H101351,d311s,3105,O
H101352,mfpes,3105,O
H101353,9pi1o,3105,O
H101354,84gz0,3105,O
H101355,ak80n,3105,O
H101356,qvf8n,3105,O
H101357,qt1p1,3105,O
H101358,ujzey,3105,O
H101359,tjtwv,3105,O
H101360,cbj6a,3105,O
H101361,7w5kd,3105,O
H101362,qt1p1,3105,O
H101363,6w02a,3105,O
H101364,asjfa,3105,O
H101365,bsoxd,3105,O
H101366,lwixx,3105,O
H101367,p22rc,3105,O
H101368,51z53,3105,O
H101369,aqubk,3105,O
H101370,qvf8n,3105,O
H101371,ub5oe,3105,O
H101372,ctv3a,3105,O
H101373,amxs7,3105,O
H101374,c8nar,3105,O
H101375,d26hx,3105,O
H101376,bsoxd,3105,O
H101377,colo5,3105,O
H101378,lwixx,3105,O
H101379,p3rv2,3105,O
H101380,aw9uo,3105,O
H101381,s6lwx,3105,O
H101382,1s0ge,3105,O
H101383,pl348,3105,O
H101384,cdedz,3105,O
H101385,nmh7s,3105,O
H101386,d5qtc,3105,O
H101387,colo5,3105,O
H101388,s6lwx,3105,O
H101389,qt1p1,3105,O
H101390,d26hx,3105,O
H101391,cqarv,3105,O
H101392,nmh7s,3105,O
H101393,mfpes,3105,O
H101394,r9uma,3105,O
H101395,cqarv,3105,O
H101396,66jig,3105,O
H101397,muzca,3105,O
H101398,r9uma,3105,O
H101399,9rd9d,3105,O
H101400,m1g54,3105,O
H101401,oskkw,3105,O
H101402,cfrxl,3105,O
H101403,mchbb,3105,O
H101404,cfrxl,3105,O
H101405,ltaug,3105,O
H101406,s7mkr,3105,O
H101407,znswv,3105,O
H101408,cbj6a,3105,O
H101409,9a207,3105,O
H101410,qvf8n,3105,O
H101411,6w02a,3105,O
H101412,r007w,3105,O
H101413,ca6ai,3105,O
H101414,lsmek,3105,O
H101415,9q6hk,3105,O
H101416,zuf7s,3105,O
H101417,chaxc,3105,O
H101418,r9uma,3105,O
H101419,colo5,3105,O
H101420,79es3,3105,O
H101421,cdedz,3105,O
H101422,ctv3a,3105,O
H101423,ccju4,3105,O
H101424,cp402,3105,O
H101425,muzca,3105,O
H101426,c5xj7,3105,O
H101427,ltaug,3105,O
H101428,d5qtc,3105,O
H101429,6w02a,3105,O
H101430,pl348,3105,O
H101431,m2z4v,3105,O
H101432,cdedz,3105,O
H101433,as13d,3105,O
H101434,lsmek,3105,O
H101435,d26hx,3105,O
H101436,cdedz,3105,O
H101437,liy45,3105,O
H101438,ctv3a,3105,O
H101439,ci5h7,3105,O
H101440,asjfa,3105,O
H101441,quwwq,3105,O
H101442,51z53,3105,O
H101443,njlc9,3105,O
H101444,zuf7s,3105,O
H101445,s7mkr,3105,O
H101446,1s0ge,3105,O
H101447,933hc,3105,O
H101448,pl348,3105,O
H101449,cl1cq,3105,O
H101450,chaxc,3105,O
H101451,933hc,3105,O
H101452,19oje,3105,O
H101453,p3rv2,3105,O
H101454,rnfg2,3105,O
H101455,9ftr9,3105,O
H101456,asjfa,3105,O
H101457,d311s,3105,O
H101458,pl348,3105,O
H101459,8qd7f,3105,O
H101460,0v31s,3105,O
H101461,d5qtc,3105,O
H101462,7lmq3,3105,O
H101463,zuf7s,3105,O
H101464,79es3,3105,O
H101465,ltaug,3105,O
H101466,tgy1c,3105,O
H101467,84gz0,3105,O
H101468,8q0zh,3105,O
H101469,cd8a0,3105,O
H101470,chaxc,3105,O
H101471,84t6y,3105,O
H101472,d311s,3105,O
H101473,r9uma,3105,O
H101474,9rjdc,3105,O
H101475,m1g54,3105,O
H101476,p8p29,3105,O
H101477,cd8a0,3105,O
H101478,a2wrh,3105,O
H101479,s6lwx,3105,O
H101480,lwixx,3105,O
H101481,mk4a2,3105,O
H101482,9pi1o,3105,O
H101483,zuf7s,3105,O
H101484,19oje,3105,O
H101485,m2z4v,3105,O
H101486,mfpes,3105,O
H101487,7w5kd,3105,O
H101488,0v31s,3105,O
H101489,7lmq3,3105,O
H101490,a802n,3105,O
H101491,9ftr9,3105,O
H101492,pnyzr,3105,O
H101493,s7mkr,3105,O
H101494,c8nar,3105,O
H101495,tjtwv,3105,O
H101496,mn05l,3105,O
H101497,8fo96,3105,O
H101498,mfpes,3105,O
H101499,ca6ai,3105,O
H101500,a4zy7,3105,O
H101501,9pi1o,3105,O
H101502,pnyzr,3105,O
H101503,nmh7s,3105,O
H101504,8qpfd,3105,O
H101505,s6lwx,3105,O
H101506,chaxc,3105,O
H101507,6w02a,3105,O
H101508,liy45,3105,O
H101509,liy45,3105,O
H101510,933hc,3105,O
H101511,oskkw,3105,O
H101512,8q0zh,3105,O
H101513,cfrxl,3105,O
H101514,pl348,3105,O
H101515,8qpfd,3105,O
H101516,84gz0,3105,O
H101517,cfrxl,3105,O
H101518,ujzey,3105,O
H101519,oskkw,3105,O
H101520,9ftr9,3105,O
H101521,s6lwx,3105,O
H101522,pnyzr,3105,O
H101523,njlc9,3105,O
H101524,as13d,3105,O
H101525,ltaug,3105,O
H101526,scpvx,3105,O
H101527,ccju4,3105,O
H101528,9q6hk,3105,O
H101529,79es3,3105,O
H101530,ub5oe,3105,O
H101531,d26hx,3105,O
H101532,s7mkr,3105,O
H101533,b38dj,3105,O
H101534,mk4a2,3105,O
H101535,as13d,3105,O
H101536,pje0i,3105,O
H101537,6w02a,3105,O
H101538,ctv3a,3105,O
H101539,aw9uo,3105,O
H101540,84gz0,3105,O
H101541,cqarv,3105,O
H101542,d5qtc,3105,O
H101543,c5xj7,3105,O
H101544,znswv,3105,O
H101545,ujzey,3105,O
H101546,36xk2,3105,O
H101547,lsmek,3105,O
H101548,lsmek,3105,O
H101549,19oje,3105,O
H101550,8fo96,3105,O
H101551,79es3,3105,O
H101552,pnyzr,3105,O
H101553,cqarv,3105,O
H101554,lsmek,3105,O
H101555,pnyzr,3105,O
H101556,asjfa,3105,O
H101557,qt1p1,3105,O
H101558,rnfg2,3105,O
H101559,ub5oe,3105,O
H101560,mfpes,3105,O
H101561,m8wzw,3105,O
H101562,p3rv2,3105,O
H101563,84t6y,3105,O
H101564,9ftr9,3105,O
H101565,s6lwx,3105,O
H101566,zuf7s,3105,O
H101567,lsmek,3105,O
H101568,nmh7s,3105,O
H101569,rnfg2,3105,O
H101570,cqarv,3105,O
H101571,tgy1c,3105,O
H101572,tgy1c,3105,O
H101573,pl348,3105,O
H101574,znswv,3105,O
H101575,scpvx,3105,O
H101576,a802n,3105,O
H101577,nmh7s,3105,O
H101578,d3pho,3105,O
H101579,c5xj7,3105,O
H101580,a802n,3105,O
H101581,9pi1o,3105,O
H101582,0v31s,3105,O
H101583,7z1fw,3105,O
H101584,84t6y,3105,O
H101585,mk4a2,3105,O
H101586,aw9uo,3105,O
H101587,p8p29,3105,O
H101588,8qpfd,3105,O
H101589,9rjdc,3105,O
H101590,bsoxd,3105,O
H101591,cupn5,3105,O
H101592,6w02a,3105,O
H101593,q2wpb,3105,O
H101594,cd8a0,3105,O
H101595,6kag7,3105,O
H101596,mn05l,3105,O
H101597,ujzey,3105,O
H101598,qxagc,3105,O
H101599,8q0zh,3105,O
H101600,79es3,3105,O
H101601,tgy1c,3105,O
H101602,ctv3a,3105,O
H101603,pnyzr,3105,O
H101604,tgy1c,3105,O
H101605,d5qtc,3105,O
H101606,qxagc,3105,O
H101607,p8p29,3105,O
H101608,9pi1o,3105,O
H101609,79es3,3105,O
H101610,933hc,3105,O
H101611,8qpfd,3105,O
H101612,84gz0,3105,O
H101613,84gz0,3105,O
H101614,lsmek,3105,O
H101615,amxs7,3105,O
H101616,7lmq3,3105,O
H101617,cqarv,3105,O
H101618,tgy1c,3105,O
H101619,79es3,3105,O
H101620,bo3y4,3105,O
H101621,cqarv,3105,O
H101622,ccju4,3105,O
H101623,r007w,3105,O
H101624,c7sqw,3105,O
H101625,rnfg2,3105,O
H101626,9pi1o,3105,O
H101627,66jig,3105,O
H101628,a2wrh,3105,O
H101629,lwixx,3105,O
H101630,njlc9,3105,O
H101631,a2wrh,3105,O
H101632,aw9uo,3105,O
H101633,s7mkr,3105,O
H101634,cme8i,3105,O
H101635,pje0i,3105,O
H101636,ca6ai,3105,O
H101637,d3pho,3105,O
H101638,d5qtc,3105,O
H101639,cqarv,3105,O
H101640,pzolu,3105,O
H101641,cme8i,3105,O
H101642,ca6ai,3105,O
H101643,scpvx,3105,O
H101644,njlc9,3105,O
H101645,cdedz,3105,O
H101646,a802n,3105,O
H101647,pzolu,3105,O
H101648,quwwq,3105,O
H101649,quwwq,3105,O
H101650,muzca,3105,O
H101651,qvf8n,3105,O
H101652,zuf7s,3105,O
H101653,qxagc,3105,O
H101654,6w02a,3105,O
H101655,znswv,3105,O
H101656,d26hx,3105,O
H101657,ub5oe,3105,O
H101658,m2z4v,3105,O
H101659,d3pho,3105,O
H101660,d5qtc,3105,O
H101661,tgy1c,3105,O
H101662,lsa6m,3105,O
H101663,ccju4,3105,O
H101664,d26hx,3105,O
H101665,m1g54,3105,O
H101666,m2z4v,3105,O
H101667,7lmq3,3105,O
H101668,9q6hk,3105,O
H101669,q2wpb,3105,O
H101670,7lmq3,3105,O
H101671,quwwq,3105,O
H101672,qvf8n,3105,O
H101673,7z1fw,3105,O
H101674,amxs7,3105,O
H101675,84gz0,3105,O
H101676,cupn5,3105,O
H101677,9rjdc,3105,O
H101678,mn05l,3105,O
H101679,c7sqw,3105,O
H101680,cp402,3105,O
H101681,tjtwv,3105,O
H101682,pzolu,3105,O
H101683,as13d,3105,O
H101684,cfrxl,3105,O
H101685,9q6hk,3105,O
H101686,chaxc,3105,O
H101687,ak80n,3105,O
H101688,ctv3a,3105,O
H101689,qt1p1,3105,O
H101690,ak80n,3105,O
H101691,bo3y4,3105,O
H101692,pzolu,3105,O
H101693,d3pho,3105,O
H101694,cp402,3105,O
H101695,q2wpb,3105,O
H101696,ak80n,3105,O
H101697,s6lwx,3105,O
H101698,d26hx,3105,O
H101699,qvf8n,3105,O
H101700,cqarv,3105,O
H101701,9rd9d,3105,O
H101702,colo5,3105,O
H101703,r007w,3105,O
H101704,pl348,3105,O
H101705,ctv3a,3105,O
H101706,qt1p1,3105,O
H101707,36xk2,3105,O
H101708,cp402,3105,O
H101709,pje0i,3105,O
H101710,pl348,3105,O
H101711,ca6ai,3105,O
H101712,8q0zh,3105,O
H101713,quwwq,3105,O
H101714,36xk2,3105,O
H101715,pl348,3105,O
H101716,0v31s,3105,O
H101717,a2wrh,3105,O
H101718,8q0zh,3105,O
H101719,qt1p1,3105,O
H101720,9rd9d,3105,O
H101721,bo3y4,3105,O
H101722,cupn5,3105,O
H101723,amxs7,3105,O
H101724,asjfa,3105,O
H101725,aqubk,3105,O
H101726,7z1fw,3105,O
H101727,mfpes,3105,O
H101728,cme8i,3105,O
H101729,bo3y4,3105,O
H101730,8qpfd,3105,O
H101731,7lmq3,3105,O
H101732,tjtwv,3105,O
H101733,66jig,3105,O
H101734,s6lwx,3105,O
H101735,8qd7f,3105,O
H101736,scpvx,3105,O
H101737,c5xj7,3105,O
H101738,pnyzr,3105,O
H101739,mk4a2,3105,O
H101740,1s0ge,3105,O
H101741,8qd7f,3105,O
H101742,r007w,3105,O
H101743,r007w,3105,O
H101744,9a207,3105,O
H101745,84gz0,3105,O
H101746,m8wzw,3105,O
H101747,d26hx,3105,O
H101748,ak80n,3105,O
H101749,cl1cq,3105,O
H101750,66jig,3105,O
H101751,d311s,3105,O
H101752,s6lwx,3105,O
H101753,1s0ge,3105,O
H101754,p3rv2,3105,O
H101755,6w02a,3105,O
H101756,oskkw,3105,O
H101757,m1g54,3105,O
H101758,quwwq,3105,O
H101759,mfpes,3105,O
H101760,6w02a,3105,O
H101761,8fo96,3105,O
H101762,q2wpb,3105,O
H101763,cfrxl,3105,O
H101764,cqarv,3105,O
H101765,qxagc,3105,O
H101766,a802n,3105,O
H101767,cbj6a,3105,O
H101768,liy45,3105,O
H101769,qt1p1,3105,O
H101770,pl348,3105,O
H101771,51z53,3105,O
H101772,oskkw,3105,O
H101773,1s0ge,3105,O
H101774,tgy1c,3105,O
H101775,9a207,3105,O
H101776,0v31s,3105,O
H101777,7z1fw,3105,O
H101778,c5xj7,3105,O
H101779,d5qtc,3105,O
H101780,a802n,3105,O
H101781,c5xj7,3105,O
H101782,znswv,3105,O
H101783,c8nar,3105,O
H101784,8q0zh,3105,O
H101785,lsmek,3105,O
H101786,9pi1o,3105,O
H101787,chaxc,3105,O
H101788,9q6hk,3105,O
H101789,p22rc,3105,O
H101790,9rd9d,3105,O
H101791,m2z4v,3105,O
H101792,ccju4,3105,O
H101793,ujzey,3105,O
H101794,ujzey,3105,O
H101795,r007w,3105,O
H101796,m8wzw,3105,O
H101797,mchbb,3105,O
H101798,lsa6m,3105,O
H101799,d311s,3105,O
H101800,p22rc,3004,O
H101801,ltaug,3004,O
H101802,qt1p1,3004,O
H101803,ctv3a,3004,O
H101804,c8nar,3004,O
H101805,ub5oe,3004,O
H101806,rnfg2,3004,O
H101807,pzolu,3004,O
H101808,p8p29,3004,O
H101809,s7mkr,3004,O
H101810,ltaug,3004,O
H101811,a802n,3004,O
H101812,9ftr9,3004,O
H101813,tjtwv,3004,O
H101814,cbj6a,3004,O
H101815,ltaug,3004,O
H101816,d5qtc,3004,O
H101817,mchbb,3004,O
H101818,s7mkr,3004,O
H101819,6kag7,3004,O
H101820,b38dj,3004,O
H101821,9rjdc,3004,O
H101822,9q6hk,3004,O
H101823,m8wzw,3004,O
H101824,liy45,3004,O
H101825,p8p29,3004,O
H101826,ltaug,3004,O
H101827,9ftr9,3004,O
H101828,amxs7,3004,O
H101829,ca6ai,3004,O
H101830,8q0zh,3004,O
H101831,pje0i,3004,O
H101832,ca6ai,3004,O
H101833,liy45,3004,O
H101834,9a207,3004,O
H101835,a802n,3004,O
H101836,q2wpb,3004,O
H101837,pzolu,3004,O
H101838,cqarv,3004,O
H101839,m8wzw,3004,O
H101840,s7mkr,3004,O
H101841,cfrxl,3004,O
H101842,84t6y,3004,O
H101843,asjfa,3004,O
H101844,rnfg2,3004,O
H101845,oskkw,3004,O
H101846,pnyzr,3004,O
H101847,a4zy7,3004,O
H101848,pje0i,3004,O
H101849,quwwq,3004,O
H101850,chaxc,3004,O
H101851,muzca,3004,O
H101852,mk4a2,3004,O
H101853,19oje,3004,O
H101854,7w5kd,3004,O
H101855,9ftr9,3004,O
H101856,qxagc,3004,O
H101857,oskkw,3004,O
H101858,p22rc,3004,O
H101859,ci5h7,3004,O
H101860,oskkw,3004,O
H101861,m2z4v,3004,O
H101862,c5xj7,3004,O
H101863,mchbb,3004,O
H101864,9q6hk,3004,O
H101865,p3rv2,3004,O
H101866,c5xj7,3004,O
H101867,9a207,3004,O
H101868,c8nar,3004,O
H101869,liy45,3004,O
H101870,9rjdc,3004,O
H101871,m2z4v,3004,O
H101872,scpvx,3004,O
H101873,5gkmp,3004,O
H101874,njlc9,3004,O
H101875,c5xj7,3004,O
H101876,cdedz,3004,O
H101877,ctv3a,3004,O
H101878,mk4a2,3004,O
H101879,ccju4,3004,O
H101880,oskkw,3004,O
H101881,pnyzr,3004,O
H101882,ltaug,3004,O
H101883,7z1fw,3004,O
H101884,6w02a,3004,O
H101885,6kag7,3004,O
H101886,1s0ge,3004,O
H101887,b38dj,3004,O
H101888,8q0zh,3004,O
H101889,0v31s,3004,O
H101890,pnyzr,3004,O
H101891,bsoxd,3004,O
H101892,qt1p1,3004,O
H101893,asjfa,3004,O
H101894,d3pho,3004,O
H101895,6w02a,3004,O
H101896,9ftr9,3004,O
H101897,s6lwx,3004,O
H101898,bsoxd,3004,O
H101899,tjtwv,3004,O
H101900,d311s,3004,O
H101901,qxagc,3004,O
H101902,84gz0,3004,O
H101903,cdedz,3004,O
H101904,mk4a2,3004,O
H101905,r007w,3004,O
H101906,ctv3a,3004,O
H101907,pje0i,3004,O
H101908,8qpfd,3004,O
H101909,8q0zh,3004,O
H101910,ctv3a,3004,O
H101911,84t6y,3004,O
H101912,c8nar,3004,O
H101913,84gz0,3004,O
H101914,q2wpb,3004,O
H101915,s7mkr,3004,O
H101916,66jig,3004,O
H101917,19oje,3004,O
H101918,mk4a2,3004,O
H101919,s6lwx,3004,O
H101920,tgy1c,3004,O
H101921,a4zy7,3004,O
H101922,84t6y,3004,O
H101923,lsa6m,3004,O
H101924,r9uma,3004,O
H101925,a4zy7,3004,O
H101926,cfrxl,3004,O
H101927,8q0zh,3004,O
H101928,8fo96,3004,O
H101929,a4zy7,3004,O
H101930,mchbb,3004,O
H101931,cdedz,3004,O
H101932,9q6hk,3004,O
H101933,ujzey,3004,O
H101934,znswv,3004,O
H101935,84t6y,3004,O
H101936,9pi1o,3004,O
H101937,51z53,3004,O
H101938,9ftr9,3004,O
H101939,cl1cq,3004,O
H101940,8q0zh,3004,O
H101941,mn05l,3004,O
H101942,c8nar,3004,O
H101943,pnyzr,3004,O
H101944,r007w,3004,O
H101945,amxs7,3004,O
H101946,8qpfd,3004,O
H101947,bo3y4,3004,O
H101948,a4zy7,3004,O
H101949,a802n,3004,O
H101950,nmh7s,3004,O
H101951,b38dj,3004,O
H101952,8qpfd,3004,O
H101953,cupn5,3004,O
H101954,asjfa,3004,O
H101955,asjfa,3004,O
H101956,chaxc,3004,O
H101957,8q0zh,3004,O
H101958,cfrxl,3004,O
H101959,1s0ge,3004,O
H101960,c8nar,3004,O
H101961,ccju4,3004,O
H101962,1s0ge,3004,O
H101963,8qpfd,3004,O
H101964,mchbb,3004,O
H101965,cqarv,3004,O
H101966,s7mkr,3004,O
H101967,p3rv2,3004,O
H101968,p8p29,3004,O
H101969,cqarv,3004,O
H101970,cupn5,3004,O
H101971,s7mkr,3004,O
H101972,ub5oe,3004,O
H101973,cdedz,3004,O
H101974,cd8a0,3004,O
H101975,p22rc,3004,O
H101976,mchbb,3004,O
H101977,ccju4,3004,O
H101978,amxs7,3004,O
H101979,p3rv2,3004,O
H101980,ujzey,3004,O
H101981,933hc,3004,O
H101982,84t6y,3004,O
H101983,cd8a0,3004,O
H101984,19oje,3004,O
H101985,9ftr9,3004,O
H101986,m2z4v,3004,O
H101987,cdedz,3004,O
H101988,8fo96,3004,O
H101989,ltaug,3004,O
H101990,d311s,3004,O
H101991,ltaug,3004,O
H101992,9rd9d,3004,O
H101993,cfrxl,3004,O
H101994,a2wrh,3004,O
H101995,84gz0,3004,O
H101996,ub5oe,3004,O
H101997,m2z4v,3004,O
H101998,ca6ai,3004,O
H101999,mn05l,3004,O
H102000,p22rc,3004,O
H102001,5gkmp,3004,O
H102002,a4zy7,3004,O
H102003,b38dj,3004,O
H102004,lwixx,3004,O
H102005,36xk2,3004,O
H102006,pzolu,3004,O
H102007,cbj6a,3004,O
H102008,8qpfd,3004,O
H102009,84t6y,3004,O
H102010,d5qtc,3004,O
H102011,s6lwx,3004,O
H102012,aqubk,3004,O
H102013,tgy1c,3004,O
H102014,7w5kd,3004,O
H102015,tjtwv,3004,O
H102016,c5xj7,3004,O
H102017,a802n,3004,O
H102018,ccju4,3004,O
H102019,51z53,3004,O
H102020,lwixx,3004,O
H102021,1s0ge,3004,O
H102022,cfrxl,3004,O
H102023,m2z4v,3004,O
H102024,19oje,3004,O
H102025,lwixx,3004,O
H102026,p3rv2,3004,O
H102027,66jig,3004,O
H102028,9rd9d,3004,O
H102029,liy45,3004,O
H102030,6kag7,3004,O
H102031,mn05l,3004,O
H102032,aw9uo,3004,O
H102033,36xk2,3004,O
H102034,1s0ge,3004,O
H102035,51z53,3004,O
H102036,scpvx,3004,O
H102037,s7mkr,3004,O
H102038,84t6y,3004,O
H102039,tjtwv,3004,O
H102040,cbj6a,3004,O
H102041,ctv3a,3004,O
H102042,pnyzr,3004,O
H102043,bo3y4,3004,O
H102044,5gkmp,3004,O
H102045,mn05l,3004,O
H102046,19oje,3004,O
H102047,as13d,3004,O
H102048,51z53,3004,O
H102049,c7sqw,3004,O
H102050,7z1fw,3004,O
H102051,6kag7,3004,O
H102052,cqarv,3004,O
H102053,cbj6a,3004,O
H102054,mchbb,3004,O
H102055,cupn5,3004,O
H102056,ca6ai,3004,O
H102057,cl1cq,3004,O
H102058,qvf8n,3004,O
H102059,6kag7,3004,O
H102060,aw9uo,3004,O
H102061,9pi1o,3004,O
H102062,d311s,3004,O
H102063,d5qtc,3004,O
H102064,cbj6a,3004,O
H102065,amxs7,3004,O
H102066,c8nar,3004,O
H102067,ltaug,3004,O
H102068,rnfg2,3004,O
H102069,1s0ge,3004,O
H102070,c5xj7,3004,O
H102071,7lmq3,3004,O
H102072,84gz0,3004,O
H102073,pnyzr,3004,O
H102074,7lmq3,3004,O
H102075,9pi1o,3004,O
H102076,mn05l,3004,O
H102077,lsmek,3004,O
H102078,ca6ai,3004,O
H102079,tjtwv,3004,O
H102080,6w02a,3004,O
H102081,9q6hk,3004,O
H102082,nmh7s,3004,O
H102083,9ftr9,3004,O
H102084,m8wzw,3004,O
H102085,9q6hk,3004,O
H102086,p22rc,3004,O
H102087,6kag7,3004,O
H102088,19oje,3004,O
H102089,m1g54,3004,O
H102090,lwixx,3004,O
H102091,9q6hk,3004,O
H102092,b38dj,3004,O
H102093,cme8i,3004,O
H102094,a4zy7,3004,O
H102095,36xk2,3004,O
H102096,q2wpb,3004,O
H102097,r007w,3004,O
H102098,6w02a,3004,O
H102099,nmh7s,3004,O
H102100,rnfg2,3004,O
H102101,d3pho,3004,O
H102102,r007w,3004,O
H102103,8q0zh,3004,O
H102104,scpvx,3004,O
H102105,9a207,3004,O
H102106,lsmek,3004,O
H102107,ca6ai,3004,O
H102108,9rjdc,3004,O
H102109,qt1p1,3004,O
H102110,cfrxl,3004,O
H102111,q2wpb,3004,O
H102112,amxs7,3004,O
H102113,84gz0,3004,O
H102114,ak80n,3004,O
H102115,ltaug,3004,O
H102116,njlc9,3004,O
H102117,aw9uo,3004,O
H102118,nmh7s,3004,O
H102119,lsa6m,3004,O
H102120,pnyzr,3004,O
H102121,bsoxd,3004,O
H102122,5gkmp,3004,O
H102123,d26hx,3004,O
H102124,asjfa,3004,O
H102125,bo3y4,3004,O
H102126,colo5,3004,O
H102127,nmh7s,3004,O
H102128,qxagc,3004,O
H102129,pl348,3004,O
H102130,ctv3a,3004,O
H102131,a4zy7,3004,O
H102132,scpvx,3004,O
H102133,p8p29,3004,O
H102134,8qpfd,3004,O
H102135,quwwq,3004,O
H102136,r9uma,3004,O
H102137,bo3y4,3004,O
H102138,q2wpb,3004,O
H102139,c7sqw,3004,O
H102140,9rjdc,3004,O
H102141,8qd7f,3004,O
H102142,ujzey,3004,O
H102143,amxs7,3004,O
H102144,7w5kd,3004,O
H102145,quwwq,3004,O
H102146,d3pho,3004,O
H102147,mk4a2,3004,O
H102148,bo3y4,3004,O
H102149,mk4a2,3004,O
H102150,tgy1c,3004,O
H102151,66jig,3004,O
H102152,znswv,3004,O
H102153,d5qtc,3004,O
H102154,7z1fw,3004,O
H102155,muzca,3004,O
H102156,as13d,3004,O
H102157,cp402,3004,O
H102158,njlc9,3004,O
H102159,p22rc,3004,O
H102160,qt1p1,3004,O
H102161,9rjdc,3004,O
H102162,9a207,3004,O
H102163,84t6y,3004,O
H102164,mfpes,3004,O
H102165,p22rc,3004,O
H102166,0v31s,3004,O
H102167,tgy1c,3004,O
H102168,9ftr9,3004,O
H102169,pnyzr,3004,O
H102170,9rd9d,3004,O
H102171,pl348,3004,O
H102172,liy45,3004,O
H102173,as13d,3004,O
H102174,s6lwx,3004,O
H102175,6w02a,3004,O
H102176,liy45,3004,O
H102177,zuf7s,3004,O
H102178,tgy1c,3004,O
H102179,pje0i,3004,O
H102180,5gkmp,3004,O
H102181,chaxc,3004,O
H102182,njlc9,3004,O
H102183,ub5oe,3004,O
H102184,d3pho,3004,O
H102185,6w02a,3004,O
H102186,9rjdc,3004,O
H102187,84gz0,3004,O
H102188,liy45,3004,O
H102189,qt1p1,3004,O
H102190,colo5,3004,O
H102191,colo5,3004,O
H102192,0v31s,3004,O
H102193,mk4a2,3004,O
H102194,19oje,3004,O
H102195,liy45,3004,O
H102196,84t6y,3004,O
H102197,p3rv2,3004,O
H102198,7z1fw,3004,O
H102199,pl348,3004,O